{
  "apotheosis:spawner": null,
  "apotheosis:ench": null,
  "apotheosis:adventure": null,
  "shetiphiancore:hud": null,
  "corpse:corpse": null,
  "lootr:info": null,
  "lootr:inventory": null,
  "create:blaze_burner": null,
  "create:copper_backtank": null,
  "create:contraption_inv": null,
  "create:hide_boiler_tanks": null,
  "create:crafting_blueprint": null,
  "create:placard": null,
  "create:exact_block": null,
  "create:filter": null,
  "create:goggles": null,
  "pneumaticcraft:pneumatic": null,
  "pneumaticcraft:semiblock": null,
  "pneumaticcraft:redstone": null,
  "pneumaticcraft:tube_module": null,
  "pneumaticcraft:entity": null,
  "pneumaticcraft:camo": null,
  "multibeds:hud": null,
  "securitycraft:info": null,
  "endertanks:hud": null,
  "platforms:hud": null,
  "waystones:waystone": null,
  "gtceu:electric_container_provider": null,
  "gtceu:workable_provider": null,
  "gtceu:controllable_provider": null,
  "gtceu:recipe_logic_provider": null,
  "minecraft:brewing_stand": null,
  "minecraft:beehive": null,
  "minecraft:command_block": null,
  "minecraft:jukebox": null,
  "minecraft:lectern": null,
  "minecraft:redstone": null,
  "minecraft:furnace": null,
  "minecraft:chiseled_bookshelf": null,
  "minecraft:animal_owner": null,
  "minecraft:potion_effects": null,
  "minecraft:mob_growth": null,
  "minecraft:mob_breeding": null,
  "minecraft:chicken_egg": null,
  "minecraft:zombie_villager": null,
  "minecraft:block_states": null,
  "minecraft:horse_stats": null,
  "minecraft:item_frame": null,
  "minecraft:tnt_stability": null,
  "minecraft:note_block": null,
  "minecraft:armor_stand": null,
  "minecraft:painting": null,
  "minecraft:harvest_tool": null,
  "minecraft:enchantment_power": null,
  "minecraft:total_enchantment_power": null,
  "minecraft:player_head": null,
  "minecraft:item_ber": null,
  "minecraft:villager_profession": null,
  "minecraft:item_tooltip": null,
  "minecraft:falling_block": null,
  "minecraft:entity_health": null,
  "minecraft:entity_armor": null,
  "minecraft:crop_progress": null,
  "minecraft:mob_spawner": null,
  "minecraft:item_display": null,
  "minecraft:block_display": null,
  "minecraft:item_storage": null,
  "minecraft:fluid_storage": null,
  "minecraft:energy_storage": null,
  "minecraft:progress": null,
  "jade:object_name": null,
  "jade:registry_name": null,
  "jade:mod_name": null,
  "jade:distance": null,
  "jade:block_face": null,
  "enderchests:hud": null,
  "jadecolonies:colony.hut": null,
  "jadecolonies:colony.pack": null,
  "jadecolonies:domum.materials": null,
  "jadecolonies:colony.citizens": null,
  "jadecolonies:colony.colonist": null,
  "jadecolonies:colony.visitor_cost": null,
  "modularrouters:router": null,
  "twilightforest:quest_ram_wool": null,
  "productivebees:solitary_nest": null,
  "productivebees:jar": null,
  "productivebees:canvas_beehive": null,
  "productivebees:productive_bee": null,
  "mcjtylib:jadeaddons": null,
  "create:backtank_capacity": null,
  "extendedcrafting:crafting_core": null,
  "extendedcrafting:basic_table": null,
  "extendedcrafting:advanced_table": null,
  "extendedcrafting:elite_table": null,
  "extendedcrafting:ultimate_table": null,
  "extendedcrafting:basic_auto_table": null,
  "extendedcrafting:advanced_auto_table": null,
  "extendedcrafting:elite_auto_table": null,
  "extendedcrafting:ultimate_auto_table": null,
  "extendedcrafting:ender_crafter": null,
  "extendedcrafting:auto_ender_crafter": null,
  "extendedcrafting:flux_crafter": null,
  "extendedcrafting:compressor": null,
  "multistorage:hud": null,
  "player_companions:player_companion_entity_provider": null,
  "player_companions:player_companion_collector_entity_provider": null,
  "player_companions:player_companion_guard_entity_provider": null,
  "tombstone:graves": null,
  "toms_trading_network:vending_machine": null,
  "apotheosis:spawner": null,
  "apotheosis:ench": null,
  "apotheosis:adventure": null,
  "shetiphiancore:hud": null,
  "toms_trading_network:vending_machine": null,
  "tombstone:graves": null,
  "lootr:info": null,
  "lootr:inventory": null,
  "create:blaze_burner": null,
  "create:backtank_capacity": null,
  "create:contraption_inv": null,
  "create:hide_boiler_tanks": null,
  "create:crafting_blueprint": null,
  "create:placard": null,
  "create:exact_block": null,
  "create:filter": null,
  "create:goggles": null,
  "pneumaticcraft:pneumatic": null,
  "pneumaticcraft:semiblock": null,
  "pneumaticcraft:redstone": null,
  "pneumaticcraft:tube_module": null,
  "pneumaticcraft:entity": null,
  "pneumaticcraft:camo": null,
  "multibeds:hud": null,
  "securitycraft:info": null,
  "multistorage:hud": null,
  "twilightforest:quest_ram_wool": null,
  "endertanks:hud": null,
  "productivebees:solitary_nest": null,
  "productivebees:jar": null,
  "productivebees:canvas_beehive": null,
  "productivebees:productive_bee": null,
  "platforms:hud": null,
  "waystones:waystone": null,
  "gtceu:electric_container_provider": null,
  "gtceu:workable_provider": null,
  "gtceu:controllable_provider": null,
  "gtceu:recipe_logic_provider": null,
  "minecraft:brewing_stand": null,
  "minecraft:beehive": null,
  "minecraft:command_block": null,
  "minecraft:jukebox": null,
  "minecraft:lectern": null,
  "minecraft:redstone": null,
  "minecraft:furnace": null,
  "minecraft:chiseled_bookshelf": null,
  "minecraft:animal_owner": null,
  "minecraft:potion_effects": null,
  "minecraft:mob_growth": null,
  "minecraft:mob_breeding": null,
  "minecraft:chicken_egg": null,
  "minecraft:zombie_villager": null,
  "minecraft:block_states": null,
  "minecraft:horse_stats": null,
  "minecraft:item_frame": null,
  "minecraft:tnt_stability": null,
  "minecraft:note_block": null,
  "minecraft:armor_stand": null,
  "minecraft:painting": null,
  "minecraft:harvest_tool": null,
  "minecraft:enchantment_power": null,
  "minecraft:total_enchantment_power": null,
  "minecraft:player_head": null,
  "minecraft:item_ber": null,
  "minecraft:villager_profession": null,
  "minecraft:item_tooltip": null,
  "minecraft:falling_block": null,
  "minecraft:entity_health": null,
  "minecraft:entity_armor": null,
  "minecraft:crop_progress": null,
  "minecraft:mob_spawner": null,
  "minecraft:item_display": null,
  "minecraft:block_display": null,
  "minecraft:item_storage": null,
  "minecraft:fluid_storage": null,
  "minecraft:energy_storage": null,
  "minecraft:progress": null,
  "jade:object_name": null,
  "jade:registry_name": null,
  "jade:mod_name": null,
  "jade:distance": null,
  "jade:block_face": null,
  "enderchests:hud": null,
  "jadecolonies:colony.hut": null,
  "jadecolonies:colony.pack": null,
  "jadecolonies:domum.materials": null,
  "jadecolonies:colony.citizens": null,
  "jadecolonies:colony.colonist": null,
  "jadecolonies:colony.visitor_cost": null,
  "player_companions:player_companion_entity_provider": null,
  "player_companions:player_companion_collector_entity_provider": null,
  "player_companions:player_companion_guard_entity_provider": null
}