{
  "bookGuiScale": 0,
  "clickedVisualize": false,
  "bookData": {
    "apotheosis:apoth_chronicle": {
      "viewedEntries": [],
      "bookmarks": [],
      "completedManualQuests": []
    },
    "bigreactors:erguide": {
      "viewedEntries": [
        "bigreactors:intro/first",
        "bigreactors:intro/ores"
      ],
      "bookmarks": [],
      "completedManualQuests": []
    },
    "productivebees:guide": {
      "viewedEntries": [
        "productivebees:guide/start"
      ],
      "bookmarks": [],
      "completedManualQuests": []
    },
    "bloodmagic:guide": {
      "viewedEntries": [
        "bloodmagic:altar/blood_altar"
      ],
      "bookmarks": [],
      "completedManualQuests": []
    },
    "modularrouters:book": {
      "viewedEntries": [
        "modularrouters:intro/overview"
      ],
      "bookmarks": [],
      "completedManualQuests": []
    },
    "player_companions:guide": {
      "viewedEntries": [
        "player_companions:companions/dobutsu"
      ],
      "bookmarks": [],
      "completedManualQuests": []
    },
    "pneumaticcraft:book": {
      "viewedEntries": [
        "pneumaticcraft:base_concepts/getting_started"
      ],
      "bookmarks": [],
      "completedManualQuests": []
    },
    "irons_spellbooks:iss_guide_book": {
      "viewedEntries": [
        "irons_spellbooks:progression/early_game"
      ],
      "bookmarks": [],
      "completedManualQuests": []
    }
  }
}