{
    "PRIMARY": "0xFFFFFF00",
    "OCT_POST_PRIMARY": "0xFFD0D000",
    "QUAD_PRE_SECONDARY": "0xFFA0A000",
    "QUAD_PRE_SECONDARY_HALF": "0x80A0A000",
    "HEX_PRE_SECONDARY": "0xFF909000",
    "SECONDARY": "0xFF808000",
    "SECONDARY_HEX_HEX": "0xEE808000",
    "SECONDARY_HALF": "0x80808000",
    "HEX_POST_SECONDARY": "0xFF707000",
    "TERTIARY": "0xFF404000",
    "INVERSE_PRIMARY": "0xFF000000",
    "INVERSE_PRIMARY_SEPT_OCT": "0xD0000000",
    "INVERSE_PRIMARY_HALF": "0x80000000",

    "INVALID": "0xFFFF0000",
    "LOCKED": "0xFF000080",
    "AVAILABLE": "0xFF5691FF",
    "COMPLETE": "0xFF04CB40",

    "TOAST_TITLE": "0xFFB52CC8",
    "TOAST_CLAIMED_TITLE": "0xFF800080",
    "SELECTED_OUTLINE": "0xFFA8EFF0",
    "SELECTED_FILL": "0x50FFFFFF",
    "SELECTED_GROUP_OUTLINE": "0x44FFFFFF",
    "GROUP_FILL": "0x22808080",
    "GROUP_FILL_SELECTED": "0x22FFFFFF"
}