{
  "items": [
    {
      "item": "minecraft:diamond",
      "sellPrice": 50.0,
      "importerBuyPrice": 100.0,
      "adminShopSlot": 0
    },
    {
      "item": "minecraft:glow_berries",
      "adminShopSlot": 0
    },
    {
      "item": "minecraft:wheat",
      "adminShopBuyPrice": 1.0,
      "category": "General:Food",
      "adminShopSlot": 0
    },
    {
      "item": "minecraft:golden_carrot",
      "adminShopBuyPrice": 200.0,
      "category": "General:Food",
      "adminShopSlot": 1
    }
  ],
  "categories": [
    {
      "item": "minecraft:dirt",
      "name": "General",
      "categories": [
        {
          "item": "minecraft:wheat",
          "name": "Food"
        }
      ]
    },
    {
      "item": "minecraft:oak_log",
      "name": "Equipment",
      "categories": []
    },
    {
      "item": "minecraft:golden_carrot",
      "name": "Special",
      "categories": []
    }
  ]
}